{"cameraMode":{"drawMode":0,"name":"Shaded","section":"Shading Mode"},"sceneLighting":false,"audioPlay":false,"sceneViewState":{"m_AlwaysRefresh":false,"showFog":true,"showSkybox":false,"showFlares":true,"showImageEffects":true,"showParticleSystems":true,"showVisualEffectGraphs":true,"m_FxEnabled":true},"in2DMode":false,"pivot":{"x":15.763179779052735,"y":31.835838317871095,"z":73.32716369628906},"rotation":{"x":0.058683548122644427,"y":0.7544583678245544,"z":-0.06807808578014374,"w":0.6501784920692444},"size":5.464670181274414,"orthographic":true}