{"cameraMode":{"drawMode":0,"name":"Shaded","section":"Shading Mode"},"sceneLighting":false,"audioPlay":false,"sceneViewState":{"m_AlwaysRefresh":false,"showFog":true,"showSkybox":false,"showFlares":true,"showImageEffects":true,"showParticleSystems":true,"showVisualEffectGraphs":true,"m_FxEnabled":true},"in2DMode":false,"pivot":{"x":0.1700000762939453,"y":1.2860159873962403,"z":0.03719907999038696},"rotation":{"x":-0.16573503613471986,"y":0.004443823359906673,"z":-0.0007516770274378359,"w":-0.9861868619918823},"size":6.444775581359863,"orthographic":true}