{"cameraMode":{"drawMode":0,"name":"Shaded","section":"Shading Mode"},"sceneLighting":false,"audioPlay":false,"sceneViewState":{"m_AlwaysRefresh":false,"showFog":true,"showSkybox":false,"showFlares":true,"showImageEffects":true,"showParticleSystems":true,"showVisualEffectGraphs":true,"m_FxEnabled":true},"in2DMode":false,"pivot":{"x":-67.13610076904297,"y":-45.84038543701172,"z":-115.82115936279297},"rotation":{"x":0.017693012952804567,"y":0.5382673740386963,"z":0.011308660730719567,"w":-0.8425372838973999},"size":8.169801712036133,"orthographic":true}