{"cameraMode":{"drawMode":0,"name":"Shaded","section":"Shading Mode"},"sceneLighting":true,"audioPlay":false,"sceneViewState":{"m_AlwaysRefresh":false,"showFog":true,"showSkybox":false,"showFlares":true,"showImageEffects":true,"showParticleSystems":true,"showVisualEffectGraphs":true,"m_FxEnabled":true},"in2DMode":false,"pivot":{"x":24.400497436523439,"y":0.8799999952316284,"z":2.0671143531799318},"rotation":{"x":0.34885942935943606,"y":-0.47691938281059267,"z":0.21378321945667268,"w":0.7779805660247803},"size":1.1894090175628663,"orthographic":true}