{"cameraMode":{"drawMode":0,"name":"Shaded","section":"Shading Mode"},"sceneLighting":false,"audioPlay":false,"sceneViewState":{"m_AlwaysRefresh":false,"showFog":true,"showSkybox":false,"showFlares":true,"showImageEffects":true,"showParticleSystems":true,"showVisualEffectGraphs":true,"m_FxEnabled":true},"in2DMode":false,"pivot":{"x":-3.343703269958496,"y":2.0985729694366457,"z":41.477420806884769},"rotation":{"x":0.058683548122644427,"y":0.7544583678245544,"z":-0.06807808578014374,"w":0.6501784920692444},"size":6.570737838745117,"orthographic":true}