{"cameraMode":{"drawMode":0,"name":"Shaded","section":"Shading Mode"},"sceneLighting":true,"audioPlay":false,"sceneViewState":{"m_AlwaysRefresh":false,"showFog":true,"showSkybox":true,"showFlares":true,"showImageEffects":true,"showParticleSystems":true,"showVisualEffectGraphs":true,"m_FxEnabled":true},"in2DMode":false,"pivot":{"x":153.4868621826172,"y":89.57713317871094,"z":111.12969207763672},"rotation":{"x":-0.17187568545341493,"y":0.21387095749378205,"z":-0.03826206922531128,"w":-0.9608916640281677},"size":19.591909408569337,"orthographic":true}