{"cameraMode":{"drawMode":0,"name":"Shaded","section":"Shading Mode"},"sceneLighting":true,"audioPlay":false,"sceneViewState":{"m_AlwaysRefresh":false,"showFog":true,"showSkybox":true,"showFlares":true,"showImageEffects":true,"showParticleSystems":true,"showVisualEffectGraphs":true,"m_FxEnabled":true},"in2DMode":false,"pivot":{"x":-28.989452362060548,"y":-16.01304817199707,"z":17.498132705688478},"rotation":{"x":-0.4001849889755249,"y":0.24808330833911897,"z":-0.11347666382789612,"w":-0.8748906254768372},"size":13.958513259887696,"orthographic":false}