{"cameraMode":{"drawMode":0,"name":"Shaded","section":"Shading Mode"},"sceneLighting":true,"audioPlay":false,"sceneViewState":{"m_AlwaysRefresh":false,"showFog":true,"showSkybox":true,"showFlares":true,"showImageEffects":true,"showParticleSystems":true,"showVisualEffectGraphs":true,"m_FxEnabled":true},"in2DMode":false,"pivot":{"x":35.84978103637695,"y":86.2740478515625,"z":-102.20513153076172},"rotation":{"x":0.28379982709884646,"y":-0.14119954407215119,"z":0.04224046692252159,"w":0.9475463628768921},"size":10.710095405578614,"orthographic":true}