{"cameraMode":{"drawMode":0,"name":"Shaded","section":"Shading Mode"},"sceneLighting":true,"audioPlay":false,"sceneViewState":{"m_AlwaysRefresh":false,"showFog":true,"showSkybox":true,"showFlares":true,"showImageEffects":true,"showParticleSystems":true,"showVisualEffectGraphs":true,"m_FxEnabled":true},"in2DMode":false,"pivot":{"x":328.8611755371094,"y":95.67472839355469,"z":-46.34501647949219},"rotation":{"x":-0.017966654151678087,"y":-0.06536292284727097,"z":-0.0011067703599110246,"w":0.9977871775627136},"size":326.7450256347656,"orthographic":true}