{"cameraMode":{"drawMode":0,"name":"Shaded","section":"Shading Mode"},"sceneLighting":true,"audioPlay":false,"sceneViewState":{"m_AlwaysRefresh":false,"showFog":true,"showSkybox":true,"showFlares":true,"showImageEffects":true,"showParticleSystems":true,"showVisualEffectGraphs":true,"m_FxEnabled":true},"in2DMode":false,"pivot":{"x":4.946949005126953,"y":-0.7074499130249023,"z":11.531947135925293},"rotation":{"x":-0.2839180827140808,"y":-0.02986740507185459,"z":0.008944693952798844,"w":-0.9584274291992188},"size":10.789214134216309,"orthographic":true}