{"cameraMode":{"drawMode":0,"name":"Shaded","section":"Shading Mode"},"sceneLighting":false,"audioPlay":false,"sceneViewState":{"m_AlwaysRefresh":false,"showFog":true,"showSkybox":false,"showFlares":true,"showImageEffects":true,"showParticleSystems":true,"showVisualEffectGraphs":true,"m_FxEnabled":true},"in2DMode":false,"pivot":{"x":2.0782055854797365,"y":7.776208877563477,"z":37.79655456542969},"rotation":{"x":0.06695660203695297,"y":0.5810916423797607,"z":-0.048040054738521579,"w":0.8096666932106018},"size":7.2628679275512699,"orthographic":true}